{"name":"409eb567-c27d-471b-be35-9b3e046d5c2a","id":"/providers/Microsoft.Flow/flows/409eb567-c27d-471b-be35-9b3e046d5c2a","type":"Microsoft.Flow/flows","properties":{"apiId":"/providers/Microsoft.PowerApps/apis/shared_logicflows","displayName":"Copy of - Send email When file uploaded to box","definition":{"metadata":{"workflowEntityId":null,"processAdvisorMetadata":null,"flowclientsuspensionreason":"None","flowclientsuspensiontime":null,"creator":{"id":"0bb4e84d-6ec7-4894-a0d3-6719e5d3b7f8","type":"User","tenantId":"3f0e69e0-eb38-4eb2-b4ee-52919719d31e"},"provisioningMethod":"FromDefinition","failureAlertSubscription":true,"clientLastModifiedTime":"2021-10-23T17:52:01.5893384Z"},"$schema":"https://schema.management.azure.com/providers/Microsoft.Logic/schemas/2016-06-01/workflowdefinition.json#","contentVersion":"1.0.0.0","parameters":{"$connections":{"defaultValue":{},"type":"Object"},"$authentication":{"defaultValue":{},"type":"SecureObject"}},"triggers":{"When_a_file_is_created_(properties_only)_(V2)":{"recurrence":{"frequency":"Minute","interval":5},"splitOn":"@triggerOutputs()?['body']","metadata":{"140147296065":"Magesh","146643978384":"PA Testing folder"},"type":"OpenApiConnection","inputs":{"host":{"apiId":"/providers/Microsoft.PowerApps/apis/shared_box","connectionName":"shared_box","operationId":"OnNewFilesV2"},"parameters":{"folderId":"146643978384","maxFileCount":10},"authentication":"@parameters('$authentication')"}}},"actions":{"List_rows_present_in_a_table":{"runAfter":{"Substring":["Succeeded"]},"metadata":{"01G4DSVYH56DQRZ3V53FAZF3IXAEFQNZBI":"/DL's for Lifestyle.xlsx","tableId":"{A594239C-244F-4110-9E2F-1D0AFE95A672}","01G4DSVYFWDIUCCMD7JNAJVNB3SIQX6WQ6":"/DL's for Lifestyle - Copy.xlsx","01G4DSVYBW6JKBNPVCCZEJWEWJKJ3G5J26":"/Others/DL's for Email.xlsx"},"type":"OpenApiConnection","inputs":{"host":{"apiId":"/providers/Microsoft.PowerApps/apis/shared_excelonlinebusiness","connectionName":"shared_excelonlinebusiness","operationId":"GetItems"},"parameters":{"source":"me","drive":"b!7UevtjIB8USNncDiDNwUhLsdUQ-Xc7FHviX1LUyYGvyxC2XKE61WR6t3mAtwKsgb","file":"01G4DSVYBW6JKBNPVCCZEJWEWJKJ3G5J26","table":"Table1"},"authentication":"@parameters('$authentication')"}},"Apply_to_each_2":{"foreach":"@outputs('List_rows_present_in_a_table')?['body/value']","actions":{"Send_an_email_from_a_shared_mailbox_(V2)":{"runAfter":{},"type":"OpenApiConnection","inputs":{"host":{"apiId":"/providers/Microsoft.PowerApps/apis/shared_office365","connectionName":"shared_office365","operationId":"SharedMailboxSendEmailV2"},"parameters":{"emailMessage/MailboxAddress":"ABCD@gmail.com","emailMessage/To":"@items('Apply_to_each_2')?['To Address DL']","emailMessage/Subject":"@{items('Apply_to_each_2')?['Subject']} @{outputs('Substring')?['body']}","emailMessage/Body":"<html>\n<body>\n<p>Hello World,<br>\n<br>\nWe Have updated Forecasting report for @{outputs('Substring')?['body']} in the below box folder.<br>\n<br>\nPlease let us know for any clarification.<br>\n<br>\nLink : <a href=\"@{items('Apply_to_each_2')?['Box Folder Link']}\" style=\"color: rgb(41,105,176)\"><strong>What if Box Link</strong></a><br>\n<br>\nRegards,<br>\n@{triggerOutputs()?['body/LastModifiedBy']}</p>\n</body>\n</html>","emailMessage/Cc":"@items('Apply_to_each_2')?['CC Address DL']","emailMessage/Bcc":"@items('Apply_to_each_2')?['BCC Address DL']","emailMessage/Importance":"Normal"},"authentication":"@parameters('$authentication')"}}},"runAfter":{"List_rows_present_in_a_table":["Succeeded"]},"type":"Foreach"},"Find_text_position_of_Week":{"runAfter":{},"type":"Expression","kind":"IndexOf","inputs":{"text":"@triggerOutputs()?['body/Name']","searchText":"Week"}},"Substring":{"runAfter":{"Exact_length":["Succeeded"]},"type":"Expression","kind":"Substring","inputs":{"text":"@triggerOutputs()?['body/Name']","startingPosition":"@outputs('Find_text_position_of_Week')?['body']","length":"@outputs('Exact_length')"}},"Find_text_position_of_dot":{"runAfter":{"Find_text_position_of_Week":["Succeeded"]},"type":"Expression","kind":"IndexOf","inputs":{"text":"@triggerOutputs()?['body/Name']","searchText":".xl"}},"Exact_length":{"runAfter":{"Find_text_position_of_dot":["Succeeded"]},"type":"Compose","inputs":"@sub(outputs('Find_text_position_of_dot')?['body'],outputs('Find_text_position_of_Week')?['body'])"}}},"connectionReferences":{"shared_excelonlinebusiness":{"connectionName":"shared-excelonlinebu-3ca2b1ef-62a6-4176-972d-4575-46d928a0","source":"Embedded","id":"/providers/Microsoft.PowerApps/apis/shared_excelonlinebusiness","tier":"NotSpecified"},"shared_office365":{"connectionName":"2be7ed02cea842c0bbce6f733f1e9af8","source":"Embedded","id":"/providers/Microsoft.PowerApps/apis/shared_office365","tier":"NotSpecified"},"shared_box":{"connectionName":"shared-box-07ff6d70-f844-465f-8e98-5648-e9243be4","source":"Embedded","id":"/providers/Microsoft.PowerApps/apis/shared_box","tier":"NotSpecified"}},"flowFailureAlertSubscribed":false}}